id,title,score,created_utc,num_comments,url,author,clean_title,sentiment
lg3gz9,Jack Black and this random couple unknowingly recreated the distracted boyfriend meme photo.,9861,1612877824.0,49,https://i.redd.it/gkr9prxbggg61.jpg,Complex_River,jack black random couple unknowingly recreated distracted boyfriend meme photo,-0.34
ifknwd,The untold story,55104,1598255035.0,342,https://i.redd.it/uqw733g9nwi51.jpg,bhavyagarg8,untold story,0.0
1mifmlp,Found the original Distracted Boyfriend (postcard from early 1900s),16,1754415158.0,1,https://i.redd.it/sqj2k880l8hf1.jpeg,19Sleestak66,found original distracted boyfriend postcard early 1900s,-0.0258
1ddrwa3,"We need a better ""Distracted Boyfriend"" meme",102,1718147128.0,18,https://i.redd.it/3ukdzyqix06d1.png,rjwut,need better distracted boyfriend meme,0.128
g9m44t,Distracted Boyfriend - The Complete Saga,423,1588076200.0,32,https://i.redd.it/y6ym5avcwjv41.jpg,invisible_admin,distracted boyfriend complete saga,-0.34
9oxqui,The new distracted boyfriend meme.,739,1539775369.0,15,https://i.redd.it/0ro1jok6dqs11.jpg,Raqped,new distracted boyfriend meme,-0.34
na7i0d,Who's getting it right?,6312,1620766570.0,136,https://i.redd.it/7lujbxfb1ky61.png,rauns20,getting right,0.0
1fzut47,Distracted Boyfriend and an Atlas Guard from COD AW (2014),1,1728489432.0,1,https://i.redd.it/woslc0ii6rtd1.jpeg,RCSS1998,distracted boyfriend atlas guard cod aw 2014,-0.34
uq7n5m,"Charlie Chaplin was the original ""Distracted Boyfriend Meme""",276,1652626096.0,5,https://i.redd.it/27mcpiccknz81.jpg,RRaf-Tiger,charlie chaplin original distracted boyfriend meme,-0.0258
dv6cg9,I have achieved comedy.,20551,1573541667.0,72,https://i.redd.it/hhtmk1lqd7y31.jpg,MhRabVevo2,achieved comedy,0.3612
ea9afa,Canadian distracted boyfriend,247,1576268533.0,12,https://i.imgur.com/BFu0u7Q.jpg,suckfail,canadian distracted boyfriend,-0.34
umodkl,"Distracted Boyfriend, Latino Edition",52,1652204763.0,16,https://i.redd.it/2fs34qwaroy81.jpg,Brutalonym,distracted boyfriend latino edition,-0.34
101hyky,Distracted AI boyfriend,16,1672679981.0,11,https://i.redd.it/cce26ro7wn9a1.png,RealDaveRubin,distracted ai boyfriend,-0.34
jvu1r6,It‚Äôs ok momma u next,4211,1605623922.0,76,https://i.redd.it/zt5f7n9ratz51.jpg,Doooomedboi,ok momma u next,0.296
amh5k6,Distracted Boyfriend full version,206,1549134118.0,13,https://www.reddit.com/r/memes/comments/amh5k6/distracted_boyfriend_full_version/,Rumy85,distracted boyfriend full version,-0.34
1198a4p,when distracted boyfriend becomes distracted husband,47,1677093044.0,4,https://i.redd.it/3a1d8s0zgsja1.jpg,TwistboatEthane,distracted boyfriend becomes distracted husband,-0.5859
y4uaej,The Complete Saga of Distracted Boyfriend,30,1665856583.0,7,https://i.redd.it/aio9zvldd0u91.jpg,levine2112,complete saga distracted boyfriend,-0.34
12e4uvh,"Distracted Boyfriend Meme, GIF - Share with Memix",2,1680830472.0,3,https://media.memix.com/memix-distracted-boyfriend.jpeg?text=Staying%20awake%0AMe%0AMy%20parents%20trying%20to%20make%20me%20sleep,Civilwarrio,distracted boyfriend meme gif share memix,-0.0516
lg2xqi,Jack Black walks past a couple and unknowingly creates the Distracted Boyfriend meme.,106,1612875950.0,4,https://i.redd.it/8b1ifstqagg61.png,KingJak0b,jack black walks past couple unknowingly creates distracted boyfriend meme,-0.0772
b4wpwo,Aren't these two from the distracted boyfriend meme or am I getting crazy? (In my school book),72,1553436581.0,15,https://i.redd.it/p55esqkzq2o21.jpg,Onetisch,two distracted boyfriend meme getting crazy school book,-0.5859
9z9dos,Hey I remember seeing the distracted boyfriend meme but try facing forwards instead. I can‚Äôt do a text post here so here‚Äôs a shitty texting meme,141,1542849308.0,9,https://i.redd.it/kyfwzzol9sz11.jpg,Th3WhiteLotus,hey remember seeing distracted boyfriend meme try facing forwards instead text post shitty texting meme,-0.7184
75z37v,"""Distracted boyfriend"" meme to old-school level.",161,1507834129.0,10,https://i.imgur.com/XxolBjR.jpg,GrandMasterSubZero,distracted boyfriend meme old school level,-0.34
m2o9rr,The new distracted boyfriend format,80,1615462845.0,5,https://i.redd.it/mu7jyl0xydm61.png,N3ME15,new distracted boyfriend format,-0.34
fff0dj,I was looking up how many days were in February for a leap year and FOR SOME REASON THE GUYS FROM THE DISTRACTED BOYFRIEND MEME IS ON IT he‚Äôs even wearing the same shirt lol,45,1583685469.0,13,https://i.redd.it/lcjc3w1g8hl41.jpg,FilthyFreshman,looking many days february leap year reason guys distracted boyfriend meme even wearing shirt lol,0.1027
vxjmfh,THOR and the distracted boyfriend,24,1657654663.0,1,https://i.redd.it/06llhwxtw6b91.jpg,Azrael_Fornivald,thor distracted boyfriend,-0.34
m5kxl1,"Just found this inage in my French book, Idk why but it reminds me of the distracted boyfriend meme. This maybe is the bored Boyfriend..",41,1615815671.0,6,https://i.redd.it/ym8gavj047n61.jpg,Puki07,found inage french book idk reminds distracted boyfriend meme maybe bored boyfriend,-0.5994
m8j0is,the distracted boyfriend meme format won‚Äôt ever die,78,1616165731.0,2,https://i.redd.it/teypbspy00o61.jpg,XD_Im_Pink_Pixel,distracted boyfriend meme format ever die,-0.743
g6k6uo,Distracted boyfriend meme,96,1587637234.0,3,https://i.redd.it/fjx1swz2nju41.jpg,willadams110,distracted boyfriend meme,-0.34
i9kw8b,Distracted boyfriend 2.0,38,1597407520.0,6,https://i.redd.it/m5dfccs5nyg51.jpg,thevigilante473,distracted boyfriend 2 0,-0.34
bnnkab,Distracted boyfriend turned into a dirty cheat!,54,1557656715.0,9,https://i.redd.it/nsznyxkmbrx21.jpg,ConorDrew,distracted boyfriend turned dirty cheat,-0.8074
otyfyv,Distracted Batman (updated distracted boyfriend),16,1627568556.0,3,https://i.redd.it/oucprr3fv5e71.jpg,michaelhesser,distracted batman updated distracted boyfriend,-0.5859
av1jie,Distracted boyfriend,122,1551199607.0,3,https://i.redd.it/wl8w0fpvyxi21.jpg,Skynuts,distracted boyfriend,-0.34
lvizmf,Distracted Boyfriend Meme but in better resolution,26,1614628986.0,4,https://i.redd.it/19pzcmff3hk61.jpg,YumekoTheGreat,distracted boyfriend meme better resolution,0.128
lyfmfh,Distracted Boyfriend: Part 2,40,1614961757.0,2,https://i.redd.it/gz6eel8vk8l61.jpg,hyp_0504,distracted boyfriend part 2,-0.34
bur8te,"The New York Times published its own version of the ‚ÄúDistracted Boyfriend‚Äù meme today, in 2019.",49,1559209957.0,8,https://i.redd.it/2wrnq4f7mb131.jpg,kumarajeet12,new york times published version distracted boyfriend meme today 2019,-0.34
iqwl9q,Distracted Boyfriend Meme Through History,47,1599849869.0,3,https://i.redd.it/zhzu905gdkm51.jpg,tunnelofgloves,distracted boyfriend meme history,-0.34
s1g7de,OG Distracted Boyfriend,1,1641916744.0,0,https://i.redd.it/vnwzl04yz2b81.jpg,ZZMazinger,og distracted boyfriend,-0.34
8s2s40,Distracted boyfriend saga update,81,1529353816.0,6,https://i.redd.it/4pna5zskkt411.jpg,-Primum_Non_Nocere-,distracted boyfriend saga update,-0.34
eksxm8,Distracted Boyfriend,48,1578310246.0,4,https://i.redd.it/hhq81i7z85941.png,Thye204,distracted boyfriend,-0.34
au0o55,It‚Äôs the new distracted boyfriend format,100,1550959163.0,2,https://i.redd.it/69ynsm6d4ei21.jpg,OB3SE_Potatoe,new distracted boyfriend format,-0.34
g1ui6k,Was doing online Spanish homework. Found the distracted boyfriend at a different angle.,33,1586965679.0,4,https://i.redd.it/1m83512860t41.jpg,sgtstache94,online spanish homework found distracted boyfriend different angle,-0.34
htrp9x,Distracted Boyfriend: Return of the Meme,32,1595119898.0,2,https://i.redd.it/721gvd3dopb51.png,Florentijn_Clement,distracted boyfriend return meme,-0.34
j2342z,Distracted boyfriend,34,1601398277.0,0,https://i.redd.it/c78dfisq94q51.jpg,mattdudes,distracted boyfriend,-0.34
ihdvq7,Distracted Boyfriend Meme,25,1598499724.0,1,https://i.redd.it/2u6ytsstugj51.jpg,TheReddit_Master,distracted boyfriend meme,-0.34
efqkhl,Distracted boyfriend 2.0,30,1577333335.0,3,https://i.redd.it/wj9gcegbkw641.jpg,ThreadlessJon,distracted boyfriend 2 0,-0.34
c43wbp,Distracted Boyfriend Trolley Problem,43,1561293114.0,3,https://i.redd.it/nih6m2aho3631.jpg,MysteriousEntity,distracted boyfriend trolley problem,-0.6249
au01dk,New distracted boyfriend!,40,1550955498.0,4,https://i.redd.it/qlgvezpgtdi21.png,modestlaw,new distracted boyfriend,-0.34
fh9i94,Distracted Boyfriend AU,24,1583981374.0,2,https://i.redd.it/kp7gleqco5m41.jpg,MagicalPizza21,distracted boyfriend au,-0.34
im0ez1,Distracted Boyfriend,16,1599161638.0,0,https://i.redd.it/1najw7c2jzk51.jpg,Mr_cry_a_lot,distracted boyfriend,-0.34
g2kf2f,Does this add more the distracted boyfriend meme lore?,16,1587061236.0,1,https://i.redd.it/t70hpdkc28t41.jpg,jSwicklin,add distracted boyfriend meme lore,-0.34
clxzn4,New distracted boyfriend meme format,44,1564934850.0,1,https://i.redd.it/jjox1rw7hge31.jpg,paracska,new distracted boyfriend meme format,-0.34
f29yk9,Distracted boyfriend who?,24,1581435290.0,1,https://i.redd.it/0sdfr4bjdbg41.jpg,StonyTark3000,distracted boyfriend,-0.34
e6pk37,Distracted Boyfriend has been with us forever,18,1575587955.0,2,https://i.redd.it/gd21hvpeew241.jpg,sive1andsive2,distracted boyfriend us forever,-0.34
aus6fl,Distracted Boyfriend,50,1551138414.0,1,https://i.imgur.com/CYqqKRw.jpg,Scaulbylausis,distracted boyfriend,-0.34
bprj89,Real life Distracted Boyfriend,33,1558101140.0,2,https://i.redd.it/7v6l24p41sy21.jpg,Dalixam,real life distracted boyfriend,-0.34
9j3872,"Charlie Chaplin, the original distracted boyfriend.",33,1537973858.0,3,https://i.redd.it/qbyhxewdklo11.jpg,oobadah,charlie chaplin original distracted boyfriend,-0.0258
eokoxf,"distracted boyfriend meme, version 2.0",25,1579005328.0,0,https://i.redd.it/g9qdy0d0oqa41.jpg,indium-man,distracted boyfriend meme version 2 0,-0.34
blus4r,just another distracted boyfriend meme,45,1557256197.0,0,https://i.redd.it/fksgsbco8uw21.jpg,doritos_ice_cream,another distracted boyfriend meme,-0.34
96d1we,Distracted boyfriend gon' learn today,30,1533953346.0,3,https://i.redd.it/d09b0kcchdf11.jpg,despisesunrise,distracted boyfriend gon learn today,-0.34
9j9bys,Sweden thinks the Distracted Boyfriend meme is sexist. Here‚Äôs my response to that.,34,1538018261.0,2,https://i.redd.it/qorzgb5f8po11.jpg,No1sBeeyotch,sweden thinks distracted boyfriend meme sexist response,-0.34
c3bzus,Distracted boyfriend gets approved for a mortgage,20,1561130862.0,0,https://i.redd.it/k09045pp9q531.jpg,mick3035,distracted boyfriend gets approved mortgage,0.1027
9jgb6t,Distracted boyfriend meme trying to explain his actions to fellow memes,24,1538079451.0,1,https://i.redd.it/tufteeddauo11.jpg,Pesky_Salmon,distracted boyfriend meme trying explain actions fellow memes,-0.34
a5e5xr,The Distracted Boyfriend Meme with a Holiday Twist...,15,1544584237.0,1,https://i.redd.it/oxiyqeqfkr321.jpg,Awestroke,distracted boyfriend meme holiday twist,0.0772
8ldgu9,"I re-created Distracted Boyfriend, under my bonsai tree.",33,1527022014.0,0,https://i.redd.it/aw0ozgsuygz01.jpg,SummerRay,created distracted boyfriend bonsai tree,-0.1027
1dhsw3b,Why is there a meme reference in inside out 2 üò≠üò≠üò≠,486,1718611670.0,27,https://i.redd.it/4owwv9tua37d1.png,blu_bewwy,meme reference inside 2,0.0
9uodlt,Welcome aboard!,2099,1541511638.0,9,https://i.redd.it/t4ryegc0spw11.jpg,KenniChavo,welcome aboard,0.4767
eau6pl,2017 Meme of the Decade Nominations!,22,1576382596.0,246,https://www.reddit.com/r/memes/comments/eau6pl/2017_meme_of_the_decade_nominations/,dovedevic,2017 meme decade nominations,0.0
1kvlr6n,What am I gonna do about you? (1947),15,1748234330.0,6,https://i.redd.it/olv100e8223f1.jpeg,Fourstringjim,gonna 1947,0.0
1j182f3,Which one is your favorite!!,93,1740858599.0,3,https://i.redd.it/f1hta1geu4me1.jpeg,Vetteman017,one favorite,0.4588
cujld3,Relatable,956,1566592829.0,10,https://i.redd.it/mhk1dwo9f9i31.jpg,ProfessorBoolin,relatable,0.0
1j49fzw,my drama class is making a panel about memes(my suggestion)Show me your most icon memes only theBEST,0,1741197878.0,2,https://i.redd.it/bimunw09vwme1.jpeg,Forever_and_ever1,drama class making panel memes suggestion show icon memes thebest,0.0
10qy9nx,"Same stuff, different era",215,1675267305.0,5,https://i.redd.it/xavpc12t5nfa1.jpg,FrankieGS,stuff different era,0.0
zl5ecg,Do you recognize them?,15,1670961921.0,7,https://i.redd.it/eogo6epojr5a1.png,_Paarthurnax-,recognize,0.0
y8mp1s,It's the Gift That Keeps on Giving,53,1666235536.0,1,https://i.redd.it/aftu114vnvu91.png,DuoDemoIi,gift keeps giving,0.6486
z4m9jh,Completely hypothetical,41,1669405492.0,1,https://i.redd.it/y5769timz62a1.jpg,LuvYouLongTimeAgo,completely hypothetical,0.0
wzn9tw,"I've never seen a template overused as much as that one is. Always usually low effort Imgflip stuff, and I hate the blue tank top women's facial expression. Everything about it. It's been dead for years, and I'd do anything just to stop seeing it forever.",9,1661663633.0,1,https://i.redd.it/oai1ltjk1ek91.jpg,Goatgamer1016,never seen template overused much one always usually low effort imgflip stuff hate blue tank top women facial expression everything dead years anything stop seeing forever,-0.8885
d5czr5,Started editing some slides for a presentation and thought the woman looked familiar. Then I realised!...,32,1568701276.0,11,https://i.redd.it/pe5qu48rk3n31.jpg,swizzletrain,started editing slides presentation thought woman looked familiar realised,0.0
av4tf8,"Everyone else‚Äôs doing it, why not me?",51,1551216462.0,8,https://i.redd.it/bizkgx3gdzi21.jpg,BraydogAndfriends,everyone else,0.0
hn013a,Poor templates.,39,1594146239.0,2,https://i.redd.it/p9k2qtpp9h951.jpg,TreeBeeTurkey014,poor templates,-0.4767
bg8rg0,*Proceeds to use a dead meme to make this*,18,1555974327.0,6,https://i.redd.it/njy6b1fzcwt21.jpg,MelanieLN,proceeds use dead meme make,-0.6486
7ecwb4,Distracted Plato,15,1511217792.0,3,https://i.redd.it/moeww0qrk7zz.jpg,CADborted,distracted plato,-0.34
